{
    "hp": 142.87235894843286,
    "max_hp": 160,
    "hp_auto_regen": 0,
    "food": 110.65358340897495,
    "max_food": 160,
    "food_auto_regen": 0,
    "exhaustion": 185.8531005859428,
    "max_exhaustion": 190,
    "exhaust_auto_regen": 0,
    "cash": 32835.0
}