{
    "hp": 93.90647511718868,
    "max_hp": 100,
    "hp_auto_regen": 0,
    "food": 93.88713059375118,
    "max_food": 100,
    "food_auto_regen": 0,
    "exhaustion": 98.1252929687509,
    "max_exhaustion": 100,
    "exhaust_auto_regen": 0,
    "cash": 0
}