{
    "hp": 89.68936900781449,
    "max_hp": 150,
    "hp_auto_regen": 0,
    "food": 89.670024484377,
    "max_food": 150,
    "food_auto_regen": 0,
    "exhaustion": 96.83198242187652,
    "max_exhaustion": 175,
    "exhaust_auto_regen": 0,
    "cash": 0
}