{
    "hp": 137.32054396874673,
    "max_hp": 150,
    "hp_auto_regen": 0,
    "food": 147.17569957812555,
    "max_food": 150,
    "food_auto_regen": 0,
    "exhaustion": 0,
    "max_exhaustion": 175,
    "exhaust_auto_regen": 0,
    "cash": 82005.0
}